kommunkod,kommun,M_2010,C_2010,FP_2010,KD_2010,MP_2010,S_2010,V_2010,SD_2010,ovr_2010,ogiltiga_2010,ej_rost_2010,totalt_2010,M_2014,C_2014,FP_2014,KD_2014,MP_2014,S_2014,V_2014,SD_2014,ovr_2014,ogiltiga_2014,ej_rost_2014,totalt_2014,
114,Upplands Väsby,8397,918,1890,1265,1610,6225,1184,1104,307,206,4661,27767,6972,919,1501,1093,1680,7428,1430,2679,825,236,4697,29460,
115,Vallentuna,8150,1336,1599,1185,1402,3094,553,725,263,191,2621,21119,7287,1364,1403,985,1655,3925,649,2071,712,175,2420,22646,
117,Österåker,11092,1407,2232,1522,1833,4352,810,853,292,263,3597,28253,9652,1489,1956,1308,2002,5262,914,2518,712,218,3482,29513,
120,Värmdö,10630,1348,1767,1253,1985,4085,835,946,303,243,3287,26682,9448,1356,1577,1077,2096,5136,946,2626,993,212,3055,28522,
123,Järfälla,14479,1664,3357,2370,3094,10217,2096,1915,543,347,7091,47173,12229,1694,2586,2110,3268,12049,2489,4317,1458,277,7184,49661,
125,Ekerö,7553,1169,1498,1136,1321,2120,507,540,184,118,1778,17924,6613,1208,1250,1068,1404,2734,542,1590,604,145,1756,18914,
126,Huddinge,20769,2362,4127,2794,4090,13320,2870,2569,798,494,10582,64775,17455,2426,3434,2357,4845,15401,3068,5981,2287,448,11408,69110,
127,Botkyrka,12401,1147,2560,2110,2849,14761,2943,2048,559,359,11225,52962,9670,1185,2078,2472,3545,15806,2989,4495,1487,327,12596,56650,
128,Salem,3558,528,850,496,723,2086,371,477,126,97,1353,10665,2984,515,672,549,755,2425,412,1108,308,75,1358,11161,
136,Haninge,16161,1703,3009,1970,3206,12313,2210,2524,825,492,9080,53493,13319,1640,2417,1719,3520,14180,2377,5741,1753,483,9296,56445,
138,Tyresö,10995,1242,2200,1440,2143,5616,1033,1065,330,223,3892,30179,9745,1289,1827,1296,2376,6777,1220,2710,996,230,3643,32109,
139,Upplands-Bro,4870,581,1144,972,943,3852,621,723,188,127,2555,16576,4064,595,995,849,958,4397,727,1825,464,121,2525,17520,
140,Nykvarn,2353,287,392,284,347,1348,143,410,84,63,799,6510,1926,355,273,234,339,1603,155,1097,124,74,733,6913,
160,Täby,20898,3221,4711,3599,2141,4421,794,958,393,245,5154,46535,19836,2804,4944,3072,2687,5487,976,2824,1161,226,4977,48994,0.4048659019
162,Danderyd,10740,2297,2075,2744,798,1195,250,347,157,72,2167,22842,10627,1516,2522,2234,999,1452,287,1126,501,65,2173,23502,
163,Sollentuna,16507,2722,3831,2991,2845,6952,1504,1235,497,316,5635,45035,15106,2337,3689,2687,3448,8445,1762,2984,1420,307,5940,48125,
180,Stockholm,183421,33895,45939,28244,65351,111688,39565,16950,9834,4147,95430,634464,160166,28201,45365,24691,64392,124792,44656,38356,46946,3500,96079,677144,
181,Södertälje,13405,1766,2804,2454,3758,15457,2373,2534,907,462,11825,57745,10870,1807,2191,3242,3431,15089,2755,5821,1945,479,13482,61112,
182,Nacka,24153,4040,4950,3799,4765,8797,2207,1510,709,403,7528,62861,21946,3732,5044,3100,5657,10479,2514,3849,2793,401,7597,67112,
183,Sundbyberg,8007,1052,1823,928,2285,5998,1589,1023,416,190,4875,28186,7014,1080,1600,923,2612,7157,1835,2369,1276,206,4932,31004,
184,Solna,16338,2475,3898,2314,4292,8823,2600,1478,694,380,8162,51454,13986,2294,3795,2074,4687,10543,3113,3606,2666,281,7740,54785,
186,Lidingö,13922,2879,3064,2869,1619,2637,554,759,256,150,3586,32295,13224,2074,3439,2328,1899,3238,606,1900,860,144,3698,33410,
187,Vaxholm,3433,602,657,487,535,877,216,188,88,61,824,7968,3033,580,644,407,624,1119,235,495,247,38,768,8190,
188,Norrtälje,13053,2886,2384,1771,2601,9566,1612,1824,455,510,7419,44081,10723,2845,1784,1391,2417,11478,1726,4762,1318,454,6663,45561,
191,Sigtuna,8720,1016,1617,1354,1432,6365,875,1145,282,217,5000,28023,7406,1055,1237,1264,1600,6930,1130,3137,767,204,5253,29983,
192,Nynäshamn,5665,721,1022,773,1171,4745,867,986,221,222,3133,19526,4481,739,908,653,1082,5198,865,2505,564,165,3012,20172,
305,Håbo,5097,601,860,564,653,2983,368,701,132,153,1950,14062,4262,613,613,537,707,3247,423,1874,340,142,1803,14561,
319,Älvkarleby,1136,189,296,149,304,2875,401,466,58,86,1070,7030,774,187,171,132,229,2840,375,1198,130,60,939,7035,
330,Knivsta,3435,830,856,636,664,1720,311,399,130,78,1197,10256,2977,777,630,653,774,2111,383,1048,363,113,1212,11041,
331,Heby,1979,1197,429,460,354,2818,402,578,105,158,1905,10385,1443,1156,237,427,315,3132,408,1454,252,144,1577,10545,
360,Tierp,2658,1344,588,471,606,5536,690,810,204,207,2502,15616,2010,1294,380,390,553,5669,680,1898,434,169,2273,15750,
380,Uppsala,37802,9681,11716,8248,14291,30744,8158,4916,2503,1306,19951,149316,30520,8135,10180,7108,14513,35382,10498,11118,9356,960,18509,156279,
381,Enköping,8755,2527,1330,1164,1511,7325,896,1370,283,366,4754,30281,7068,2380,1329,1071,1462,8067,985,3607,729,319,4399,31416,
382,Östhammar,3888,1469,803,573,610,4861,619,763,181,211,2841,16819,3017,1285,601,458,527,5478,611,1894,472,182,2528,17053,
428,Vingåker,1407,401,240,274,377,2424,237,426,55,80,969,6890,977,379,154,209,272,2300,238,1209,157,59,781,6735,
461,Gnesta,1946,588,384,265,649,1897,374,397,103,81,1156,7840,1610,599,226,201,529,2081,404,911,319,75,1023,7978,
480,Nyköping,9479,2035,2376,1837,2787,11688,1618,1805,374,384,5664,40047,8212,2139,1606,1554,2659,12139,1722,4477,1176,393,5186,41263,
481,Oxelösund,1719,211,394,248,534,3288,577,356,107,92,1331,8857,1301,206,260,209,398,3348,604,1066,205,94,1257,8948,
482,Flen,2451,831,488,496,599,3923,561,700,92,130,1851,12122,1892,762,347,355,501,3671,552,1802,254,99,1747,11982,
483,Katrineholm,5175,1308,1399,885,1566,7956,955,1299,165,278,3784,24770,4064,1356,906,745,1278,8432,999,3054,517,209,3518,25078,
484,Eskilstuna,15352,2713,3903,2579,4623,21003,3186,4646,583,724,11894,71206,13052,2624,2680,2206,3721,21722,3284,10170,1758,734,11764,73715,
486,Strängnäs,7268,1376,1591,1109,1375,5526,868,1309,204,279,3533,24438,6307,1198,1188,1068,1282,6017,1003,3225,601,239,3248,25376,
488,Trosa,3092,387,524,402,555,1758,261,432,76,76,1046,8609,2576,511,409,341,525,2124,278,973,246,71,956,9010,
509,Ödeshög,924,335,132,431,205,1085,133,207,30,66,604,4152,652,332,94,354,174,1113,106,615,96,33,513,4082,
512,Ydre,656,410,132,289,126,723,74,149,9,34,330,2932,453,422,88,248,110,747,83,367,48,23,281,2870,
513,Kinda,1634,864,326,435,410,2094,309,408,47,97,1018,7642,1285,698,211,420,331,2119,306,1113,199,59,917,7658,
560,Boxholm,720,323,131,182,176,1616,204,193,18,62,529,4154,545,305,101,164,156,1626,158,576,56,33,448,4168,
561,Åtvidaberg,1924,630,369,392,397,3164,335,385,46,121,1243,9006,1446,623,220,300,353,3129,304,1354,143,101,1107,9080,
562,Finspång,3048,771,634,803,800,6042,839,723,100,193,2420,16373,2247,714,461,635,642,6029,734,2146,363,171,2230,16372,
563,Valdemarsvik,1396,635,223,278,235,1971,219,342,32,66,955,6352,1075,565,149,190,177,1900,198,997,127,55,808,6241,
580,Linköping,29359,6084,8439,6098,8966,26419,4522,4323,1634,1034,14135,111013,24281,6157,6988,5790,8268,29210,4709,11214,3755,1087,13804,115263,
581,Norrköping,24647,3806,4920,4249,6478,26550,4625,5000,1456,985,15935,98651,19995,3856,3912,3937,5963,26680,4706,14045,3164,865,14986,102109,
582,Söderköping,3143,933,549,614,663,2450,396,470,118,124,1566,11026,2555,856,425,494,571,2651,372,1624,278,83,1308,11217,
583,Motala,6645,1285,1726,1274,1448,11902,1520,1580,358,311,4566,32615,5285,1423,1257,1069,1377,11268,1366,4601,681,306,4277,32910,
584,Vadstena,1615,324,351,349,341,1708,204,259,46,75,718,5990,1332,357,198,305,326,1752,198,657,152,60,719,6056,
586,Mjölby,4430,1161,1085,963,980,6440,862,823,278,222,2860,20104,3726,1135,756,846,770,6685,771,2644,399,223,2683,20638,
604,Aneby,958,522,214,749,195,1129,127,323,24,60,695,4996,744,543,129,599,213,1288,114,731,64,44,548,5017,
617,Gnosjö,1464,454,279,1105,165,1712,156,404,44,92,1099,6974,1196,491,169,822,197,1757,150,916,72,70,1025,6865,
642,Mullsjö,1181,229,238,869,268,1283,223,280,43,51,643,5308,793,241,161,809,284,1357,230,761,116,54,582,5388,
643,Habo,2104,381,419,1135,358,1873,215,426,32,97,775,7815,1644,472,270,974,393,2007,231,1119,144,100,671,8025,
662,Gislaved,5066,1741,950,1357,700,6142,515,1286,104,255,3598,21714,3973,1826,583,975,665,6427,555,2888,260,212,3205,21569,
665,Vaggeryd,2015,643,361,1212,293,2733,268,610,60,88,1423,9706,1521,683,261,1013,346,2921,298,1319,163,88,1287,9900,
680,Jönköping,23040,4366,5239,11190,5301,24397,3948,4583,621,946,13715,97346,19020,5040,3626,9645,5932,26475,3996,10891,2204,778,12983,100590,
682,Nässjö,4526,1314,920,2073,977,6454,940,1445,136,257,3305,22347,3203,1350,543,1767,989,6502,794,3713,357,183,2871,22272,
683,Värnamo,5279,2465,995,2638,913,6601,604,1394,112,232,3764,24997,4449,2383,644,2134,901,7373,652,2927,361,210,3350,25384,
684,Sävsjö,1752,862,309,1238,196,1770,209,647,19,75,1129,8206,1248,806,159,1067,184,1919,189,1310,111,61,1070,8124,
685,Vetlanda,4265,1924,936,1914,767,5130,725,1114,105,194,3127,20201,3189,1920,609,1615,708,5581,607,2858,316,176,2758,20337,
686,Eksjö,3080,1196,640,1208,563,2982,387,623,72,159,1963,12873,2282,1252,475,958,603,3439,381,1477,276,123,1682,12948,
687,Tranås,3171,762,634,1134,742,4110,458,753,59,131,2101,14055,2332,793,461,944,680,4441,488,1905,264,110,1796,14214,
760,Uppvidinge,1450,811,225,302,211,1852,286,514,24,93,1165,6933,1009,754,155,212,168,1905,239,1142,123,76,964,6747,
761,Lessebo,1204,375,218,151,286,2076,285,379,21,92,862,5949,817,343,103,122,230,2081,289,902,127,66,741,5821,
763,Tingsryd,2378,1200,312,457,297,2303,274,569,41,120,1670,9621,1614,1044,177,346,220,2484,289,1624,154,85,1429,9466,
764,Alvesta,3546,1316,549,635,507,3624,527,916,89,149,2275,14133,2481,1285,292,509,423,3758,493,2611,262,129,1909,14152,
765,Älmhult,2949,1085,471,582,540,3111,329,719,93,112,1809,11800,2251,1000,314,513,523,3360,337,1498,222,74,1611,11703,
767,Markaryd,1603,564,208,589,209,1945,166,540,36,86,1259,7205,1166,443,101,441,207,2048,143,1253,137,69,1150,7158,
780,Växjö,16799,3983,3806,3158,4116,15327,2776,2729,547,650,8260,62151,13525,4307,2416,2807,4051,17623,2927,6885,1778,501,7828,64648,
781,Ljungby,4833,2225,878,1237,878,5317,737,1058,160,274,3392,20989,3590,1812,551,1033,737,5920,742,2905,422,203,3113,21028,
821,Högsby,768,409,122,219,134,1494,156,271,41,53,750,4417,532,386,69,194,82,1426,150,721,68,28,610,4266,
834,Torsås,1163,667,167,277,212,1562,176,330,35,58,862,5509,760,649,161,193,152,1582,150,982,98,47,709,5483,
840,Mörbylånga,2962,1048,548,613,594,2671,405,561,88,137,1331,10958,2513,982,413,458,561,2972,380,1536,312,101,1101,11329,
860,Hultsfred,1819,1029,326,754,349,3436,476,537,71,125,1866,10788,1253,956,182,580,237,3468,362,1542,187,77,1677,10521,
861,Mönsterås,2014,905,372,490,383,3442,474,572,77,108,1489,10326,1494,852,210,376,270,3449,396,1620,163,91,1273,10194,
862,Emmaboda,1431,672,183,322,283,2443,317,349,67,85,1092,7244,1001,670,105,243,238,2419,278,924,150,67,1001,7096,
880,Kalmar,12430,2712,2592,2320,3304,13778,2007,2267,453,571,6744,49178,10260,2954,1950,1941,3035,14311,1974,5744,1542,427,6246,50384,
881,Nybro,3141,1277,467,782,512,4956,782,739,179,208,2486,15529,2246,1359,335,598,438,4780,694,2232,319,147,2214,15362,
882,Oskarshamn,4770,852,984,1261,724,6400,974,1074,176,243,3161,20619,3704,810,767,1017,584,6662,864,2866,341,207,2761,20583,
883,Västervik,6230,1770,1327,1133,1302,9642,1229,1246,258,334,4756,29227,4730,1938,922,943,1099,9620,1258,3333,644,247,4232,28966,
884,Vimmerby,2574,1252,395,633,463,3583,422,638,100,171,1871,12102,1954,1196,233,520,399,3740,450,1600,222,118,1611,12043,
885,Borgholm,2329,1236,364,537,453,1709,261,380,71,100,1400,8840,1866,1115,264,385,340,1941,279,1160,237,87,1151,8825,
980,Gotland,9731,5657,1785,1128,3259,12855,2342,1225,658,617,6980,46237,8450,5317,1494,1095,2859,12774,2308,3259,2099,520,6291,46466,
1060,Olofström,1552,502,300,373,299,3859,462,802,68,116,1797,10130,1123,473,168,287,295,3839,413,1602,172,118,1641,10131,
1080,Karlskrona,11905,2304,2695,1777,2312,14651,1814,3682,352,549,6137,48178,8848,2493,2225,1674,2309,15522,1954,6603,1099,368,5917,49012,
1081,Ronneby,5006,1407,878,662,929,6478,1098,2042,178,244,3192,22114,3335,1289,653,534,732,6731,972,4028,421,174,2877,21746,
1082,Karlshamn,5426,1023,1099,722,1299,7709,1253,1947,188,279,3661,24606,3923,1015,616,647,1192,8114,1044,3867,574,221,3489,24702,
1083,Sölvesborg,3498,535,459,439,450,3823,448,1357,100,154,1988,13251,2595,522,322,341,441,3775,363,2860,220,114,1720,13273,
1214,Svalöv,2167,924,454,272,380,2284,274,1039,115,106,1664,9679,1467,799,285,215,386,2421,255,2180,252,89,1448,9797,
1229,Bara,..,..,..,..,..,..,..,..,..,..,..,0,..,..,..,..,..,..,..,..,..,..,..,0,
1230,Staffanstorp,5994,717,1135,532,724,3149,300,1220,317,140,1897,16125,4597,791,927,496,877,3756,349,2553,420,131,1715,16612,
1231,Burlöv,2909,254,652,232,496,3160,353,1177,180,92,2278,11783,2038,291,476,178,588,3548,418,1863,261,77,2339,12077,
1233,Vellinge,13365,965,1957,1391,726,2123,195,1575,317,159,2311,25084,11420,1015,1859,1090,852,2814,233,3871,368,135,2238,25895,
1256,Östra Göinge,2142,534,519,359,370,3150,299,1188,84,156,1730,10531,1454,511,273,327,328,3168,293,2305,196,85,1517,10457,
1257,Örkelljunga,1687,377,336,661,236,1471,170,710,86,91,1412,7237,1099,366,185,600,229,1700,143,1615,134,59,1212,7342,
1260,Bjuv,2124,305,405,219,286,3332,262,1223,56,108,2143,10463,1425,269,221,188,312,3425,296,2173,161,121,2011,10602,
1261,Kävlinge,7363,972,1591,663,865,4676,389,1677,226,209,2607,21238,5677,1081,1237,548,1129,5237,396,3657,367,205,2246,21780,
1262,Lomma,7079,781,1515,795,698,2021,201,834,300,144,1363,15731,6176,905,1531,769,897,2690,203,1954,348,86,1197,16756,
1263,Svedala,4919,501,903,399,572,3010,276,1657,210,151,1831,14429,3471,567,694,378,659,3439,267,3113,334,148,1625,14695,
1264,Skurup,3195,665,575,256,385,2391,249,1227,144,130,1829,11046,2259,643,360,223,373,2736,320,2396,246,124,1620,11300,
1265,Sjöbo,3914,964,543,433,463,2626,328,1772,146,176,2584,13949,2743,916,337,400,461,2798,278,3544,353,141,2239,14210,
1266,Hörby,3048,901,549,388,416,2076,238,1282,276,116,2066,11356,1848,853,383,347,458,2367,259,2604,384,133,1833,11469,
1267,Höör,3300,594,687,439,707,2172,356,1097,172,124,1889,11537,2263,704,486,381,785,2579,425,2122,363,127,1602,11837,
1270,Tomelilla,2469,781,358,228,390,2254,239,1065,167,142,1983,10076,1702,800,251,193,350,2384,218,2127,301,119,1564,10009,
1272,Bromölla,1758,276,428,223,310,3230,364,1210,54,138,1490,9481,1231,242,238,170,335,3041,364,2282,126,90,1346,9465,
1273,Osby,1949,724,378,437,425,2742,240,1021,46,120,1620,9702,1331,488,219,401,350,2904,282,2094,175,104,1411,9759,
1275,Perstorp,1141,228,205,162,175,1445,190,448,59,55,1061,5169,727,203,128,116,175,1549,136,1055,82,49,1002,5222,
1276,Klippan,2978,552,496,506,358,3078,389,1184,112,147,2439,12239,1923,531,281,409,386,3392,346,2581,228,136,2263,12476,
1277,Åstorp,2345,355,384,306,313,3113,222,964,86,116,2107,10311,1484,335,263,270,324,3236,260,2017,171,95,2095,10550,
1278,Båstad,4308,1185,722,702,538,1493,183,549,89,126,1704,11599,3497,1018,619,544,635,1835,217,1492,229,83,1533,11702,
1280,Malmö,55160,4795,11768,5274,14861,48450,10118,13256,5426,1559,43659,214326,41510,4850,10000,4620,15367,52460,13598,24171,12527,1604,45944,226651,
1281,Lund,23073,4775,8004,3596,9178,14018,4155,3586,1558,755,10622,83320,17244,4293,7400,3025,9350,17159,4865,6987,5521,682,9864,86390,
1282,Landskrona,6877,605,2849,602,1058,8730,999,2408,233,238,5457,30056,5044,717,1767,502,1267,9468,1063,4768,758,252,5673,31279,
1283,Helsingborg,28639,2649,6234,3450,5167,21910,2693,7115,1224,898,18197,98176,22803,2812,4384,2859,5612,24663,3422,14555,2372,801,17651,101934,
1284,Höganäs,6823,862,1459,1079,947,3258,415,1026,241,174,2680,18964,5709,892,1073,906,1065,3706,497,2488,510,151,2375,19372,
1285,Eslöv,5650,1324,1330,540,908,6138,610,2258,306,247,4038,23349,3999,1334,871,462,1147,6556,745,4290,582,245,3733,23964,
1286,Ystad,7160,1086,1226,662,1039,5358,490,1594,282,272,3789,22958,5559,1215,930,588,1040,5936,576,3324,583,249,3327,23327,
1287,Trelleborg,8922,1037,1521,957,1030,8025,661,3604,445,322,5375,31899,6487,1078,1068,684,1165,8907,673,6472,657,265,5017,32473,
1290,Kristianstad,15864,2711,4519,1893,2755,14385,1677,5948,487,675,9717,60631,11650,2687,3331,1697,3073,15452,1606,11127,1249,575,9548,61995,
1291,Simrishamn,4620,948,785,592,873,3381,432,967,172,173,2795,15738,3284,995,593,475,761,3413,473,2512,588,132,2368,15594,
1292,Ängelholm,10421,1658,1670,1494,1533,5783,685,1955,392,383,5059,31033,7932,1659,1251,1255,1603,7112,734,4722,614,298,4525,31705,
1293,Hässleholm,9248,2542,1877,1857,1919,9004,1023,4103,273,404,6276,38526,6204,1980,1255,1674,2260,9754,1011,7653,842,439,5799,38871,
1315,Hylte,1558,773,403,311,232,2108,195,423,100,80,1288,7471,1061,739,258,200,175,2244,176,1135,135,46,1153,7322,
1380,Halmstad,18910,3641,4534,3043,3849,19424,2370,3150,1015,744,10940,71620,15501,3940,3379,2454,3926,21043,2816,7824,2116,644,10397,74040,
1381,Laholm,5058,1956,869,710,690,3822,476,1321,233,196,2925,18256,3882,1764,612,607,793,4234,468,2867,434,194,2575,18430,
1382,Falkenberg,7675,3358,1820,1285,1587,7964,974,1536,373,413,4787,31772,6516,3177,1137,1104,1615,9158,1094,3666,632,320,4556,32975,
1383,Varberg,12273,3820,2871,2034,2411,11204,1628,1836,555,629,5924,45185,10392,3772,2167,1739,2515,12947,1725,4782,1252,453,5414,47158,
1384,Kungsbacka,22404,3630,4789,3611,2799,7797,1261,2241,655,457,5943,55587,19909,3975,4254,2884,3160,8936,1506,6281,1481,442,5649,58477,
1401,Härryda,7796,1286,2248,1376,1631,4697,990,1212,255,238,2946,24675,6829,1437,1905,1130,1843,5222,1059,2913,814,217,2794,26163,
1402,Partille,7495,892,2213,1562,1690,5485,1137,1291,371,219,3375,25730,6346,1047,1863,1253,1857,5778,1422,2698,978,187,3578,27007,
1407,Öckerö,3045,237,690,1627,497,1595,261,381,89,114,1017,9553,2636,249,602,1477,461,1783,346,921,250,118,1016,9859,
1415,Stenungsund,5609,924,1330,971,1099,4014,646,754,199,219,2437,18202,4712,975,1082,726,1053,4562,702,2276,467,164,2270,18989,
1419,Tjörn,3725,578,1019,1362,609,2104,309,518,97,136,1500,11957,3080,585,803,1078,582,2363,372,1512,298,109,1368,12150,
1421,Orust,3532,920,870,661,668,2669,494,492,125,152,1761,12344,2580,904,627,478,571,2893,557,1604,345,138,1591,12288,
1427,Sotenäs,2453,286,512,502,272,1707,235,261,41,71,1124,7464,1997,329,421,345,235,1848,250,788,137,69,1013,7432,
1430,Munkedal,1663,753,339,448,250,2092,327,458,57,91,1415,7893,1281,640,211,330,209,2090,362,1262,179,80,1302,7946,
1435,Tanum,2579,1213,730,455,494,1737,271,344,78,127,1726,9754,2310,1108,551,311,428,1943,329,974,331,117,1419,9821,
1438,Dals-Ed,765,445,129,260,104,800,109,172,29,48,665,3526,536,398,81,206,77,850,80,587,77,38,571,3501,
1439,Färgelanda,1032,628,206,220,127,1438,173,361,32,83,842,5142,552,586,138,159,111,1455,144,1020,83,59,713,5020,
1440,Ale,4768,839,1094,976,1012,5577,1028,1367,237,242,3022,20162,3962,911,776,779,1005,5774,1124,2902,620,241,2901,20995,
1441,Lerum,8758,1268,2505,1738,2194,5565,1277,1336,289,289,2935,28154,7105,1549,2050,1461,2196,6121,1309,3123,1039,247,3007,29207,
1442,Vårgårda,1639,840,583,931,438,1883,288,415,60,88,1119,8284,1329,877,320,763,382,2059,316,1157,163,65,941,8372,
1443,Bollebygd,1812,395,355,358,335,1453,255,448,57,64,783,6315,1427,459,270,296,304,1569,252,1074,151,57,679,6538,
1444,Grästorp,1210,541,199,161,138,1170,135,240,40,60,609,4503,908,501,127,160,139,1181,152,608,77,43,591,4487,
1445,Essunga,1158,464,186,236,154,1081,142,228,37,57,630,4373,895,422,105,159,153,1135,140,590,93,39,569,4300,
1446,Karlsborg,1244,509,356,303,201,1556,155,270,32,97,757,5480,827,470,289,278,173,1689,153,854,88,53,627,5501,
1447,Gullspång,794,262,170,187,128,1536,177,217,26,54,640,4191,542,268,81,128,106,1435,179,556,99,28,590,4012,
1452,Tranemo,1986,1048,439,410,363,2384,231,514,68,111,1245,8799,1539,994,267,312,340,2514,242,1165,181,95,1171,8820,
1460,Bengtsfors,1389,652,314,351,294,2310,309,339,47,101,1480,7586,961,582,183,274,200,2274,225,1166,193,67,1199,7324,
1461,Mellerud,1526,765,354,372,260,1715,291,443,43,74,1298,7141,1053,719,186,276,190,1748,209,1205,123,64,1179,6952,
1462,Lilla Edet,1723,503,460,295,359,2926,562,777,109,91,1736,9541,1245,508,281,246,338,2849,519,1836,254,95,1679,9850,
1463,Mark,5326,2017,1643,1458,1245,7394,1222,1267,198,279,3693,25742,4193,1972,1145,1149,1196,7352,1244,3274,636,267,3525,25953,
1465,Svenljunga,1862,909,418,335,247,1883,200,510,63,113,1296,7836,1410,755,264,280,233,2000,215,1256,206,98,1215,7932,
1466,Herrljunga,1503,792,440,549,322,1651,296,482,44,99,1041,7219,1183,796,266,439,269,1779,269,1089,169,80,898,7237,
1470,Vara,3375,1267,574,633,376,2891,424,596,85,143,1988,12352,2667,1146,343,422,350,3074,416,1773,191,143,1716,12241,
1471,Götene,2214,760,538,709,553,3003,423,415,79,127,1332,10153,1669,827,335,550,423,3173,458,1136,254,112,1177,10114,
1472,Tibro,1597,496,493,681,300,2485,292,435,44,101,1236,8160,1225,530,338,510,320,2683,260,1214,155,49,1025,8309,
1473,Töreboda,1427,667,226,306,248,2169,296,373,51,99,1295,7157,1094,719,157,234,220,2117,242,1031,130,69,1059,7072,
1480,Göteborg,96981,12183,26829,19484,34205,80543,27246,15608,6223,3156,67363,389821,79768,12696,24136,15389,32868,79167,31272,32240,26758,2662,69895,406851,
1481,Mölndal,12807,1854,4008,2542,3326,9667,2060,2185,532,417,6158,45556,10369,2054,3395,2165,3688,10265,2337,4695,1669,429,5845,46911,
1482,Kungälv,9134,1817,2490,1965,1740,7156,1217,1707,276,341,3706,31549,7527,1904,1910,1643,1850,7760,1399,3921,904,256,3552,32626,
1484,Lysekil,2482,409,973,454,633,3551,540,560,86,128,1841,11657,1754,517,604,412,566,3451,594,1549,299,92,1711,11549,
1485,Uddevalla,9623,1683,2211,2258,2333,11177,1744,2046,360,382,6105,39922,7106,1679,1651,1852,2096,11718,2084,5347,1150,457,5862,41002,
1486,Strömstad,1910,711,561,342,552,1826,275,295,55,119,1764,8410,1602,663,509,286,532,1876,319,941,228,66,1605,8627,
1487,Vänersborg,6257,1381,1792,1295,1716,8173,1613,1506,295,363,4239,28630,4400,1606,1197,1104,1531,8579,1656,3943,709,300,3934,28959,
1488,Trollhättan,8273,1268,2537,1501,2319,14445,1995,1695,346,437,6241,41057,6383,1475,1876,1305,2190,14480,2064,4812,1118,333,6319,42355,
1489,Alingsås,7000,1551,2506,2194,2382,6454,1546,1191,266,289,3707,29086,5956,1760,1811,1806,2338,7236,1576,2846,987,218,3534,30068,
1490,Borås,18978,3091,5018,4014,4216,20800,3644,4616,816,722,11968,77883,15679,3312,3513,3465,4572,21131,3874,9716,2033,695,12125,80115,
1491,Ulricehamn,4370,1813,1010,1170,909,3903,584,995,132,197,2528,17611,3547,1931,686,874,889,4225,693,2288,328,134,2302,17897,
1492,Åmål,1949,517,473,410,476,3123,420,429,64,106,1833,9800,1314,568,307,281,392,3085,404,1341,203,99,1633,9627,
1493,Mariestad,4363,821,864,884,948,5762,917,806,161,235,3042,18803,3524,1032,581,746,820,5968,843,2179,372,200,2667,18932,
1494,Lidköping,6792,1842,1734,1687,1651,9095,1462,1307,212,312,3867,29961,5280,1868,1363,1433,1559,9641,1507,3329,718,274,3602,30574,
1495,Skara,3537,878,697,667,763,4140,552,677,127,139,2093,14270,2643,955,439,521,660,4249,540,1976,349,131,1849,14312,
1496,Skövde,10105,2512,2428,2110,2106,10342,1569,1750,438,485,5838,39683,8399,2605,1963,1751,2029,11618,1405,4507,1128,383,5317,41105,
1497,Hjo,1716,434,448,501,391,1831,274,307,48,72,984,7006,1404,473,311,388,335,1877,279,883,143,77,823,6993,
1498,Tidaholm,1848,569,419,432,404,3678,456,524,64,118,1379,9891,1307,539,253,360,380,3764,396,1433,171,96,1226,9925,
1499,Falköping,5669,1892,1055,1595,1079,6356,949,1580,192,250,3722,24339,4195,1940,707,1279,1040,6820,888,3696,538,190,3124,24417,
1715,Kil,1987,695,431,390,408,2907,396,359,77,98,1343,9091,1495,679,261,334,361,3094,417,1164,177,91,1163,9236,
1730,Eda,988,534,163,175,121,1868,202,249,48,75,1209,5632,767,485,103,138,86,1814,217,661,73,68,1126,5538,
1737,Torsby,1888,680,271,242,215,3440,561,328,141,103,1995,9864,1318,675,193,215,207,3305,440,1091,155,75,1764,9438,
1760,Storfors,495,177,90,108,96,1397,200,156,31,28,513,3291,320,171,46,95,59,1286,162,459,29,33,419,3079,
1761,Hammarö,3114,444,746,550,578,3472,490,383,121,89,1246,11233,2651,523,540,490,627,3876,470,857,240,70,1149,11493,
1762,Munkfors,292,181,147,71,65,1393,165,122,48,23,482,2989,239,152,87,49,51,1430,114,280,61,11,434,2908,
1763,Forshaga,1571,444,383,318,362,3515,399,388,65,84,1187,8716,1135,496,233,266,292,3566,366,1066,177,70,1112,8779,
1764,Grums,1218,426,224,196,215,2838,310,317,75,80,1294,7193,900,439,140,181,170,2849,254,885,117,78,1105,7118,
1765,Årjäng,1281,748,389,440,158,1662,173,346,51,100,1516,6864,1056,696,312,446,134,1641,176,1021,83,71,1138,6774,
1766,Sunne,2374,1457,424,384,351,2818,391,353,99,121,1741,10513,1902,1219,357,307,318,3098,324,1120,221,109,1452,10427,
1780,Karlstad,17246,3193,4347,3068,4620,19008,3160,2399,668,634,9418,67761,14227,3480,3244,2760,4735,21188,3332,5842,2303,549,8651,70311,
1781,Kristinehamn,4049,971,966,703,869,6472,1009,712,174,183,2923,19031,3122,1018,776,620,820,6664,906,1846,401,149,2625,18947,
1782,Filipstad,1272,258,278,193,248,3544,558,423,63,88,1455,8380,821,263,151,141,203,3081,446,1422,143,67,1334,8072,
1783,Hagfors,1181,585,333,177,215,4405,754,439,136,80,1731,10036,841,525,165,165,147,4299,520,1139,142,65,1529,9537,
1784,Arvika,3886,1377,902,704,1040,6431,1076,893,173,240,3637,20359,2962,1328,584,628,851,6621,1022,2320,502,211,3102,20131,
1785,Säffle,2736,1209,558,593,436,3350,387,635,74,135,2173,12286,1931,1372,339,428,337,3361,351,1805,185,93,1771,11973,
1814,Lekeberg,1179,615,208,422,253,1463,212,358,51,59,759,5579,835,663,155,334,210,1480,210,897,155,61,655,5655,
1860,Laxå,750,219,199,244,115,1887,198,212,23,50,726,4623,518,209,110,203,122,1649,207,679,63,39,626,4425,
1861,Hallsberg,2058,622,477,524,484,4463,585,663,79,155,1621,11731,1505,635,300,446,447,4485,519,1713,230,113,1380,11773,
1862,Degerfors,898,264,204,295,319,3423,700,349,42,69,1057,7620,679,268,123,219,259,3287,520,927,144,60,1023,7509,
1863,Hällefors,812,215,165,114,203,2332,329,330,56,65,966,5587,568,205,95,92,138,2078,289,790,143,35,940,5373,
1864,Ljusnarsberg,615,175,102,113,142,1406,251,305,61,49,778,3997,385,161,72,68,103,1314,208,743,76,45,620,3795,
1880,Örebro,22812,4198,6653,6139,7100,29969,5118,4866,933,1017,14183,102988,19388,4726,4955,5736,7731,29958,5282,10694,3959,940,14067,107436,
1881,Kumla,3045,672,821,900,610,5354,543,943,134,165,2050,15237,2430,684,675,783,672,5165,578,2198,344,179,1929,15637,
1882,Askersund,1949,615,376,458,377,3002,352,443,56,122,1388,9138,1330,650,238,335,317,2906,338,1355,195,83,1191,8938,
1883,Karlskoga,4547,612,1036,937,1058,9062,1037,910,368,193,3690,23450,3713,682,653,719,947,8878,993,2858,434,179,3350,23406,
1884,Nora,1631,417,433,371,412,2725,301,389,66,106,1222,8073,1132,519,244,268,353,2734,377,1068,229,73,1147,8144,
1885,Lindesberg,3495,1183,741,718,773,5732,685,1368,150,164,2740,17749,2587,1144,433,568,714,5670,662,3204,366,134,2349,17831,
1904,Skinnskatteberg,512,189,229,86,157,1336,217,198,26,26,551,3527,388,187,149,70,86,1245,185,528,71,19,519,3447,
1907,Surahammar,1196,171,349,177,254,3026,485,432,69,102,1237,7498,847,232,213,142,213,2833,451,1151,163,72,1157,7474,
1960,Kungsör,1420,358,362,249,260,1840,294,370,53,86,951,6243,998,384,262,235,193,1936,268,931,125,54,863,6249,
1961,Hallstahammar,1881,321,558,395,437,4325,668,521,97,136,1997,11336,1448,369,370,315,389,4343,587,1606,228,97,1866,11618,
1962,Norberg,747,172,176,108,217,1582,411,274,42,69,716,4514,535,163,107,85,161,1447,334,766,168,46,623,4435,
1980,Västerås,26482,3714,7711,4426,5597,28436,4191,5115,1424,957,15273,103326,22759,4126,5925,4109,5402,29830,4713,11885,3032,946,15752,108479,
1981,Sala,3706,1589,849,689,826,4716,676,896,137,210,2666,16960,2888,1600,587,522,678,4867,670,2238,479,183,2365,17077,
1982,Fagersta,1611,258,369,281,384,3374,672,587,69,134,1683,9422,1209,195,207,205,326,3512,508,1455,192,86,1562,9457,
1983,Köping,3648,998,831,608,792,6369,1053,1087,160,172,3307,19025,2773,965,587,498,632,6487,886,2781,329,161,3096,19195,
1984,Arboga,2259,496,582,387,535,3218,487,512,89,131,1711,10407,1852,498,349,315,469,3436,449,1387,220,101,1573,10649,
2021,Vansbro,868,610,156,299,113,1777,256,266,53,91,976,5465,640,629,96,263,121,1623,253,720,96,67,835,5343,
2023,Malung-Sälen,2002,548,388,171,200,2434,449,382,98,120,1415,8207,1506,575,247,157,181,2414,315,1154,125,94,1169,7937,
2026,Gagnef,1548,802,266,373,396,2284,326,475,72,100,1102,7744,1225,786,211,284,293,2214,348,1170,240,92,928,7791,
2029,Leksand,3218,965,546,899,665,2964,425,410,153,173,1835,12253,2511,1056,403,787,614,3110,515,1247,341,123,1533,12240,
2031,Rättvik,1899,800,367,350,441,2438,268,437,159,125,1617,8901,1593,760,270,257,359,2362,337,1270,250,116,1375,8949,
2034,Orsa,940,453,202,207,292,1599,273,400,58,68,955,5447,666,493,127,147,230,1523,261,956,204,33,830,5470,
2039,Älvdalen,1052,489,142,173,171,1923,245,363,57,84,1091,5790,638,452,109,105,109,1955,211,1028,107,69,803,5586,
2061,Smedjebacken,1421,364,243,191,298,3664,479,461,79,102,1269,8571,1109,401,139,158,269,3262,493,1365,195,81,1078,8550,
2062,Mora,3468,1169,631,584,772,4666,600,787,253,208,2989,16127,2629,1338,386,416,625,4776,605,2279,403,145,2504,16106,
2080,Falun,10558,2942,2092,1813,2963,11523,2009,2007,652,542,6368,43469,8871,3058,1711,1466,2749,11555,2271,4912,1658,478,5596,44325,
2081,Borlänge,7142,1652,1532,1075,1853,12164,2039,2842,457,421,5544,36721,5713,1615,1181,1001,1768,11825,1953,5617,1067,406,5152,37298,
2082,Säter,1856,828,324,299,347,2392,400,552,87,140,1413,8638,1376,772,217,239,284,2489,398,1393,237,97,1092,8594,
2083,Hedemora,2311,926,341,446,589,3525,623,803,122,134,2186,12006,1756,920,278,306,445,3478,605,1732,403,127,1825,11875,
2084,Avesta,3289,897,684,496,710,6320,778,1034,137,208,2840,17393,2264,825,453,439,525,6121,820,2837,370,159,2411,17224,
2085,Ludvika,3425,641,833,549,842,7466,1363,1251,182,258,3530,20340,2590,691,522,402,780,6836,1287,3363,370,258,2906,20005,
2101,Ockelbo,766,484,133,113,211,1589,236,302,38,58,878,4808,502,440,83,86,142,1489,229,804,106,37,680,4598,
2104,Hofors,967,250,308,123,262,3089,684,458,79,84,1276,7580,681,274,171,106,182,2893,660,975,158,69,1163,7332,
2121,Ovanåker,1392,1159,265,739,308,2785,269,387,68,140,1774,9286,1108,1028,167,632,270,2802,291,1228,158,78,1355,9117,
2132,Nordanstig,1144,692,339,298,278,2292,427,515,93,92,1469,7639,907,583,212,227,228,2398,357,1127,165,77,1130,7411,
2161,Ljusdal,2822,1114,516,424,605,4336,870,813,221,208,3157,15086,2278,1041,383,291,592,4420,676,2009,429,135,2517,14771,
2180,Gävle,16677,2827,4189,2349,4600,21208,4186,4566,721,747,11174,73244,13500,2753,3248,2087,3991,21915,4310,10170,2325,576,9857,74732,
2181,Sandviken,5039,1348,1194,897,1223,10536,1931,1438,273,323,4665,28867,3830,1273,921,677,961,10816,1763,3789,711,224,4023,28988,
2182,Söderhamn,3400,1158,659,552,871,7318,1183,1414,290,206,3555,20606,2553,1175,442,470,691,7393,1058,2687,498,159,3115,20241,
2183,Bollnäs,3676,1574,888,700,880,6063,1123,1386,176,236,4210,20912,2612,1444,526,546,720,6672,1012,3191,447,161,3338,20669,
2184,Hudiksvall,5126,2376,953,1040,1680,8677,1905,1337,378,369,5283,29124,3940,2233,687,809,1461,9352,1698,3349,821,242,4498,29090,
2260,Ånge,1244,505,212,190,207,3278,453,386,103,89,1419,8086,735,483,94,174,126,3214,372,1044,222,54,1190,7708,
2262,Timrå,2123,628,562,328,432,5698,839,690,150,112,2158,13720,1532,569,408,312,354,5937,789,1639,264,85,1924,13813,
2280,Härnösand,3612,1200,884,665,1309,6491,1039,650,299,133,3197,19479,2530,1055,538,545,1136,7063,1042,1799,630,108,2808,19254,
2281,Sundsvall,16428,3211,4171,2437,3922,23976,3767,3416,1153,676,11445,74602,12690,3393,2892,2183,3317,26618,3611,7579,2273,480,10216,75252,
2282,Kramfors,2011,1268,396,440,595,6485,1079,397,164,149,2447,15431,1410,1188,208,298,413,6447,930,1209,345,93,2204,14745,
2283,Sollefteå,2097,870,468,369,615,7069,952,604,476,128,2635,16283,1377,857,270,267,402,7037,865,1681,352,123,2281,15512,
2284,Örnsköldsvik,7035,3503,1560,2554,1677,17344,1513,1121,655,403,6184,43549,5559,3377,1030,2318,1325,18661,1602,2618,904,399,5765,43558,
2303,Ragunda,523,491,63,55,125,1799,283,136,77,73,881,4506,333,454,43,58,97,1719,255,491,101,48,712,4311,
2305,Bräcke,767,530,149,59,167,2178,298,172,48,60,963,5391,551,492,86,57,120,2002,260,533,125,50,821,5097,
2309,Krokom,1905,1619,287,289,557,3302,570,311,87,163,1841,10931,1631,1443,216,259,432,3421,615,988,248,100,1557,10910,
2313,Strömsund,1386,847,182,168,229,3992,648,381,63,147,1721,9764,892,788,83,160,171,3858,556,1092,155,99,1512,9366,
2321,Åre,1732,949,338,257,564,2052,315,204,76,125,1314,7926,1467,932,208,270,601,2151,332,640,205,87,1110,8003,
2326,Berg,998,819,125,120,248,1842,247,217,54,79,1152,5901,809,742,84,82,179,1855,216,671,119,42,854,5653,
2361,Härjedalen,1498,634,258,158,256,3004,404,470,57,118,1653,8510,1160,707,142,130,200,2903,349,1027,147,77,1422,8264,
2380,Östersund,9384,4598,1753,1234,3193,14844,2575,1231,485,502,7416,47215,7670,3929,1508,1103,2960,15394,2669,3782,1586,409,6578,47588,
2401,Nordmaling,809,497,312,254,155,2128,336,156,32,31,963,5673,631,527,238,214,107,1996,425,433,73,45,890,5579,
2403,Bjurholm,425,226,129,104,31,578,57,39,10,9,325,1933,338,194,89,98,28,597,79,162,22,9,302,1918,
2404,Vindeln,734,470,211,244,111,1488,211,117,35,30,770,4421,546,392,131,214,108,1422,281,345,124,23,632,4218,
2409,Robertsfors,616,943,174,271,196,1858,337,109,52,60,797,5413,502,756,130,207,154,1907,403,307,141,36,751,5294,
2417,Norsjö,309,270,149,161,75,1322,341,64,38,32,630,3391,227,219,95,130,33,1323,323,255,29,32,545,3211,
2418,Malå,306,73,141,89,55,1108,268,56,15,29,454,2594,177,96,94,62,47,1041,266,218,49,21,414,2485,
2421,Storuman,711,378,214,298,137,1650,350,128,45,49,1074,5034,510,365,155,254,117,1567,397,450,66,52,902,4835,
2422,Sorsele,247,185,57,122,53,686,192,64,13,31,482,2132,175,149,26,92,47,612,209,204,34,31,407,1986,
2425,Dorotea,208,171,137,48,15,999,174,53,26,39,449,2319,129,204,124,50,30,921,200,179,35,22,317,2211,
2460,Vännäs,993,614,286,296,272,2217,563,142,51,53,997,6484,717,594,189,263,241,2228,688,475,199,43,924,6561,
2462,Vilhelmina,542,313,218,284,129,2408,392,199,168,61,889,5603,400,355,115,244,112,2032,488,562,120,67,831,5326,
2463,Åsele,273,192,116,109,37,1026,149,79,23,17,404,2425,221,201,98,65,36,848,172,207,45,25,340,2258,
2480,Umeå,15800,5147,4987,3620,7935,26766,8399,1747,1358,745,11417,87921,13248,4449,3960,3069,6521,29032,9907,4539,5583,647,10336,91291,
2481,Lycksele,1359,355,415,657,265,3979,697,294,51,80,1718,9870,1127,327,297,575,185,3667,824,834,135,71,1591,9633,
2482,Skellefteå,6852,2865,2750,2568,2780,23795,4568,1404,438,514,8155,56689,5210,2832,1865,1940,2575,24468,4552,3809,1528,525,7544,56848,
2505,Arvidsjaur,589,319,182,88,115,2383,491,197,47,43,842,5296,439,270,133,77,71,2255,440,565,76,42,770,5138,
2506,Arjeplog,286,114,117,96,90,922,230,97,21,30,520,2523,182,127,61,64,64,818,222,273,40,31,462,2344,
2510,Jokkmokk,455,128,169,65,259,1764,348,123,40,40,792,4183,299,80,105,44,312,1597,320,421,118,25,743,4064,
2513,Överkalix,201,227,75,35,60,1516,268,91,14,12,502,3001,194,211,42,27,52,1250,250,310,46,20,410,2812,
2514,Kalix,1563,545,413,240,590,6583,713,394,61,106,2065,13273,1267,520,268,231,449,6113,692,1262,177,94,1911,12984,
2518,Övertorneå,378,318,78,95,72,1462,293,94,11,23,672,3496,291,302,59,98,76,1289,275,301,42,16,667,3416,
2521,Pajala,512,132,86,225,85,2085,766,157,17,35,929,5029,383,133,63,212,92,1859,722,457,103,32,960,5016,
2523,Gällivare,1705,205,272,284,459,6702,1629,599,145,78,2902,14980,1311,213,174,273,503,6117,1407,1843,267,85,2635,14828,
2560,Älvsbyn,608,347,223,196,154,3073,659,292,71,38,978,6639,441,330,144,171,117,2895,500,692,126,30,966,6412,
2580,Luleå,10036,2500,2863,1749,3584,22972,3856,1742,748,445,7444,57939,8226,2380,2281,1664,3431,23092,3856,4567,2185,364,7346,59392,
2581,Piteå,3962,1410,1194,1134,1517,16143,2289,685,264,248,3751,32597,3389,1449,855,1024,1351,15655,2340,2218,922,210,3724,33137,
2582,Boden,3880,677,876,597,783,9255,1476,846,183,157,3018,21748,2903,694,769,537,688,8779,1254,2770,496,138,2967,21995,
2583,Haparanda,755,322,66,115,103,2655,191,165,22,37,1806,6237,573,363,76,118,126,2175,209,582,101,25,1829,6177,
2584,Kiruna,1922,374,468,469,759,7520,2031,827,165,148,3164,17847,1540,441,339,508,779,7090,1738,1976,553,157,2812,17933,